{"train_loss":2.875685197442449,"dev_loss":2.9256520956160372,"_wandb":{"runtime":625},"_runtime":625.597529847,"learning_rate":0.001,"_timestamp":1.7625264615000143e+09,"_step":27210,"iteration":27210}