{"_runtime":8.64549636,"iteration":350,"train_loss":6.540039081215743,"learning_rate":0.001,"_timestamp":1.762525781804968e+09,"_step":350,"_wandb":{"runtime":8}}