{"_wandb":{"runtime":478},"_runtime":478.415936699,"iteration":20000,"train_loss":0.23167937051507068,"learning_rate":6.25e-05,"_timestamp":1.7625289837398722e+09,"_step":20000,"dev_loss":1.2767422466889213}