{"_timestamp":1.7625247742285933e+09,"dev_loss":1.4593949639527435,"_wandb":{"runtime":626},"_runtime":626.091948703,"_step":27210,"iteration":27210,"train_loss":0.717785689939571,"learning_rate":0.00025}