{"train_loss":0.7394923098219788,"dev_loss":1.4812707407389578,"_wandb":{"runtime":627},"_runtime":627.201745544,"learning_rate":0.000125,"_timestamp":1.7625272249783266e+09,"_step":27210,"iteration":27210}