{"_wandb":{"runtime":602},"_runtime":602.874775236,"_step":26000,"iteration":26000,"train_loss":0.45509469166684746,"learning_rate":6.25e-05,"_timestamp":1.7625255336032856e+09,"dev_loss":1.3127757454303088}