{"train_loss":2.8940789331193795,"learning_rate":0.001,"_timestamp":1.7625235771281216e+09,"dev_loss":2.931508079014256,"_wandb":{"runtime":1389},"_runtime":1389.241678077,"_step":27210,"iteration":27210}