{"iteration":26000,"train_loss":0.49577951008630444,"learning_rate":6.25e-05,"_timestamp":1.7625279503320863e+09,"dev_loss":1.3393404937340705,"_wandb":{"runtime":608},"_runtime":608.695203016,"_step":26000}